ticker,name_en,name_ar,sector,industry,market_cap
COMI,Commercial International Bank - Egypt (CIB) S.A.E.,البنك التجاري الدولي,Finance,Regional Banks,434802134151.0
SWDY,El Sewedy Electric Company,السويدي اليكتريك,Producer Manufacturing,Electrical Products,256722685547.0
ETEL,Telecom Egypt,المصرية للاتصالات,Communications,Major Telecommunications,236787920764.0
TMGH,Talaat Moustafa Group Holding,طلعت مصطفى,Finance,Real Estate Development,180719332725.0
EGAL,Egypt Aluminum,مصر للالومنيوم,Non-Energy Minerals,Aluminum,141075000000.0
MFPC,Misr Fertilizers Production Company MOPCO,موبكو,Process Industries,Chemicals: Agricultural,130873237502.0
QNBE,Qatar National Bank,بنك قطر الوطني الاهلي,Finance,Regional Banks,127673262634.0
HDBK,Housing & Development Bank,بنك التعمير والاسكان,Finance,Regional Banks,117884843886.0
ABUK,Abou Kir Fertilizers & Chemical Industries Co.,ابوقير للاسمدة,Process Industries,Chemicals: Agricultural,109808421999.0
ALCN,Alexandria Containers & Goods,الاسكندرية لتداول الحاويات,Transportation,Other Transportation,101601178559.0
ORAS,Orascom Construction Plc,اوراسكوم كونستراكشون ليميتد,Industrial Services,Engineering & Construction,97592422924.8958
EAST,Eastern Company,ايسترن كومباني,Consumer Non-Durables,Tobacco,88409997940.0
EFIH,e-finance for Digital and Financial Investments S.A.E.,e-finance for Digital and Financial Investments S.A.E.,Technology Services,Packaged Software,81120000582.0
ADIB,Abu Dhabi Islamic Bank-Egypt,مصرف أبو ظبي الإسلامي,Finance,Regional Banks,74729999542.0
EMFD,Emaar Misr for Development SAE,إعمار مصر,Finance,Real Estate Development,69720701039.0
FWRY,Fawry For Banking Technology And Electronic Payment,Fawry For Banking Technology And Electronic Payment,Technology Services,Packaged Software,64212963494.0
SCTS,Sues Canal Co. for Technology Settling,قناة السويس لتوطين التكنولوجيا,Commercial Services,Miscellaneous Commercial Services,49554138051.0
CANA,Suez Canal Bank SAE,بنك قناة السويس,Finance,Regional Banks,45770000458.0
ORHD,Orascom Development Egypt (S.A.E),اوراسكوم للتنمية مصر,Consumer Durables,Homebuilding,43975421293.0
GPPL,Golden Pyramids Plaza,جولدن بيراميدز بلازا,Finance,Real Estate Development,43219021839.36601
EFID,Edita Food Industries SAE,ايديتا,Consumer Non-Durables,Food: Specialty/Candy,40509793114.0
PHDC,Palm Hills Development Co.,بالم هيلز,Finance,Real Estate Development,37979661229.0
JUFO,Juhayna Food Industries,جهينة,Consumer Non-Durables,Food: Meat/Fish/Dairy,36891314448.0
HRHO,EFG Holding S.A.E.,هيرميس,Finance,Investment Banks/Brokers,34748610348.0
OCDI,Six of October Development & Investment (SODIC),سوديك,Finance,Real Estate Development,34707783248.0
GBCO,GB Corp,جي بي اوتو,Distribution Services,Wholesale Distributors,33650500000.0
FAIT,Faisal Islamic Bank of Egypt,بنك فيصل الإسلامي المصري,Finance,Regional Banks,31412607884.0
FAITA,Faisal Islamic Bank of Egypt,بنك فيصل الإسلامي المصري,Finance,Regional Banks,31412607674.79203
FERC,Ferchem Misr Co. for Fertilizers & Chemicals,فيركيم,Process Industries,Chemicals: Agricultural,30664001465.0
BTFH,Beltone Holding,بلتون المالية,Finance,Investment Banks/Brokers,30332243186.0
CIEB,Credit Agricole Egypt,كريدي أجريكول,Finance,Major Banks,29937500954.0
HELI,Heliopolis Housing,مصر الجديدة للاسكان,Consumer Durables,Homebuilding,29879207042.0
VLMRA,Valmore Holding,Valmore Holding,Finance,Financial Conglomerates,29530135702.832706
VLMR,Valmore Holding,القابضة المصرية الكويتية,Finance,Financial Conglomerates,29530135506.162003
BIOC,GlaxoSmithKline S.A.E.,جلاكسو سميثكلاين,Distribution Services,Medical Distributors,29239157416.0
EXPA,Export Development Bank of Egypt,البنك المصري لتنمية الصادرات,Finance,Regional Banks,28600800934.0
RAYA,Raya Holding for Financial Investments SAE,راية,Technology Services,Information Technology Services,28470631121.0
EGCH,Egyptian Chemical Industries,كيما,Process Industries,Chemicals: Agricultural,27057205473.0
IRON,Egyptian Iron & Steel,الحديد والصلب المصرية,Non-Energy Minerals,Steel,25935957583.0
ARCC,Arabian Cement Company,العربية للأسمنت,Non-Energy Minerals,Construction Materials,25303551636.0
IRAX,El Ezz Aldekhela Steel-Alexandria,El Ezz Aldekhela Steel-Alexandria,Non-Energy Minerals,Steel,24448582708.0
VALU,U Consumer Finance S.A.E,U Consumer Finance S.A.E,Finance,Finance/Rental/Leasing,23254175076.0
TAQA,TAQA Arabia,TAQA Arabia,Utilities,Electric Utilities,23125249808.0
CIRA,Cairo For Investment And Real Estate Developments -CIRA Education,Cairo For Investment And Real Estate Developments -CIRA Education,Consumer Services,Other Consumer Services,22897830761.0
CLHO,Cleopatra Hospital Company,مستشفى كليوباترا,Health Services,Hospital/Nursing Management,22756365873.0
CCAP,QALA For Financial Investments,القلعة للاستشارات المالية,Finance,Investment Managers,22129332243.0
SCEM,Sinai Cement Co.,اسمنت سيناء,Non-Energy Minerals,Construction Materials,20911943883.0
PHAR,Egyptian International Pharmaceutical Industries Co.,ايبيكو,Health Technology,Pharmaceuticals: Other,19541916662.0
MTIE,MM Group for Industry & International Trade,إم تي أي,Distribution Services,Electronics Distributors,18716583771.0
ORWE,Oriental Weavers Carpet,النساجون الشرقيون,Consumer Durables,Home Furnishings,18516585629.0
POUL,Cairo Poultry Co.,القاهرة للدواجن,Process Industries,Agricultural Commodities/Milling,18394531075.0
SKPC,Sidi Kerir Petrochemicals,سيدي كرير للبتروكيماويات,Process Industries,Chemicals: Specialty,18370800865.0
MCQE,Misr Cement Co. (Qena),مصر للأسمنت - قنا,Non-Energy Minerals,Construction Materials,18218879883.0
AMOC,Alexandria Mineral Oils Co.,أموك,Energy Minerals,Oil Refining/Marketing,18145575246.0
MOIL,Maridive & Oil Services SAE,ماريدايف,Industrial Services,Oilfield Services/Equipment,17769685290.526154
EGSA,Egyptian Satellite Co.,نايل سات,Consumer Services,Broadcasting,17655057926.244144
UBEE,United Bank SAE,United Bank SAE,Finance,Major Banks,17368999958.0
EGTS,Egyptian for Tourism Resorts,المصرية للمنتجعات السياحية,Utilities,Electric Utilities,17262000561.0
EFIC,Egyptian Financial & Industrial Co.,المالية والصناعية المصرية,Process Industries,Chemicals: Agricultural,17160000610.0
SAUD,Al Baraka Bank Egypt,بنك البركة,Finance,Regional Banks,16804185023.999998
NIPH,El-Nile Co. for Pharmaceuticals & Chemical Industries,النيل للادوية,Health Technology,Pharmaceuticals: Major,16551499939.000002
MBSC,Misr Beni Suef Cement Co. SAE,مصر بنى سويف للأسمنت,Non-Energy Minerals,Construction Materials,16352636382.0
MASR,Madinet Masr for Housing & Development,مدينة نصر للاسكان,Finance,Real Estate Development,16332750204.0
TALM,Taaleem Management Services S.A.E,Taaleem Management Services S.A.E,Consumer Services,Other Consumer Services,15407440039.0
EGBE,Egyptian Gulf Bank,البنك المصري الخليجي,Finance,Regional Banks,14535569651.99054
MHOT,Misr Hotels Co.,مصر للفنادق,Consumer Services,Hotels/Resorts/Cruise lines,13772879517.0
ATQA,Misr National Steel,عتاقة,Producer Manufacturing,Metal Fabrication,13679999542.0
ISPH,Ibnsina Pharma,ابن سينا فارما,Distribution Services,Medical Distributors,13103999786.0
BINV,B Investments Holding SAE,بى بى اى القابضة,Finance,Investment Managers,13044992707.0
CICH,CI Capital Holding for Financial Investments,سي اي كابيتال القابضة,Finance,Finance/Rental/Leasing,11670000076.0
AMES,Alexandria New Medical Center Co.,المركز الطبي الجديد - الإسكندرية,Health Services,Hospital/Nursing Management,11397501662.0
RMDA,Tenth of Ramadan Pharmaceutical Industries & Diagnostic-Rameda,Tenth of Ramadan Pharmaceutical Industries & Diagnostic-Rameda,Health Technology,Pharmaceuticals: Major,11078854349.0
CSAG,Canal Shipping Agencies Co.,القناة للتوكيلات الملاحية,Transportation,Other Transportation,10950000000.0
CPME,Catalyst Partners Middle East,Catalyst Partners Middle East,Finance,Financial Conglomerates,10868470200.0
SVCE,South Valley Cement Co.,جنوب الوادي للاسمنت,Non-Energy Minerals,Construction Materials,9838039269.0
OIH,Orascom Investment Holding SAE,اوراسكوم للاتصالات والاعلام والتكنولوجيا,Communications,Wireless Telecommunications,9809441129.0
IFAP,International Agricultural Products,الدولية للمحاصيل الزراعية,Process Industries,Agricultural Commodities/Milling,9612583972.0
AMIA,Arab Moltaqa Investments Company,الملتقى العربي للاستثمارات,Finance,Finance/Rental/Leasing,9409815515.0
MIPH,Minapharm Pharmaceuticals,مينا فارم للأدوية,Health Technology,Pharmaceuticals: Major,9155494906.0
MOIN,Mohandes Insurance Co.,المهندس للتأمين,Finance,Multi-Line Insurance,9105200119.0
CPCI,Kahira Pharmaceuticals & Chemical Industries Co.,القاهرة للادوية,Health Technology,Pharmaceuticals: Major,8896257767.0
GTHE,Global Telecom Holding S.A.E.,Global Telecom Holding S.A.E.,Communications,Specialty Telecommunications,8828498294.0
OLFI,Obour Land for Food Industries,عبور لاند للصناعات الغذائية,Consumer Non-Durables,Food: Meat/Fish/Dairy,8640000153.0
PHTV,Pyramisa Hotels,بيراميزا,Consumer Services,Hotels/Resorts/Cruise lines,8515572469.000001
EGAS,Egypt Gas Co.,غاز مصر,Utilities,Gas Distributors,8138467315.0
ISMQ,Iron & Steel for Mines & Quarries,Iron & Steel for Mines & Quarries,Non-Energy Minerals,Steel,7893127733.0
MPCI,Memphis Pharmaceutical & Chemical Industries,ممفيس للادوية,Health Technology,Pharmaceuticals: Major,7883102722.0
ZMID,Zahraa Maadi Investment & Development,زهراء المعادي,Finance,Real Estate Development,7699999809.0
BONY,Bonyan for Development and Trade,Bonyan for Development and Trade,Finance,Real Estate Development,7668110225.0
AXPH,Alexandria Company for Pharmaceuticals and Chemical Industries,الاسكندرية للادوية,Health Technology,Pharmaceuticals: Major,7535349731.0
SUGR,Delta Sugar,الدلتا للسكر,Process Industries,Agricultural Commodities/Milling,7520856065.0
PRDC,Pioneers Properties for Urban Development,Pioneers Properties for Urban Development,Finance,Real Estate Development,7455079530.0
MPRC,Egyptian Media Production City,مدينة الانتاج الاعلامى,Consumer Services,Movies/Entertainment,7399362877.0
DOMT,Arabian Food Industries Co.,دومتي,Consumer Non-Durables,Food: Meat/Fish/Dairy,7133043615.0
GOUR,Gourmet Egypt.Com Foods,Gourmet Egypt.Com Foods,Retail Trade,Food Retail,6392000000.0
SPHT,El Shams Pyramids Co. for Hotels & Touristic Projects SAE,الشمس بيراميدز,Consumer Services,Hotels/Resorts/Cruise lines,6385674944.109566
SUCE,Suez Cement Co.,Suez Cement Co.,Non-Energy Minerals,Construction Materials,6364978256.0
ELEC,Electro Cable Egypt,الكابلات الكهربائية المصرية,Producer Manufacturing,Electrical Products,6229455717.0
NBKE,National Bank of Kuwait - Egypt,National Bank of Kuwait - Egypt,Finance,Regional Banks,6009999495.0
SPIN,Alexandria Spinning & Weaving,سبينالكس,Process Industries,Textiles,5937465959.0
NINH,Nozha International Hospital,مستشفى النزهه الدولي,Health Services,Hospital/Nursing Management,5775000000.0
ARAB,Arab Developers Holding,بورتو جروب,Finance,Real Estate Development,5712808421.0
ACAP,A Capital Holding,A Capital Holding,Finance,Real Estate Development,5703826311.0
EGS3E071C013-EGP,Acrow Misr,Acrow Misr,Producer Manufacturing,Metal Fabrication,5395359375.0
OCPH,October Pharma Co.,اكتوبر فارما,Health Technology,Pharmaceuticals: Major,5374079956.0
MCRO,Macro Group Pharmaceutical S.A.E.,Macro Group Pharmaceutical S.A.E.,Health Technology,Pharmaceuticals: Major,5358627487.0
AFMC,Alexandria Flour Mills Co.,مطاحن ومخابز الإسكندرية,Retail Trade,Food Retail,5341624390.0
ENGC,Industrial Engineering Co. for Construction & Development,ايكون,Producer Manufacturing,Building Products,5296200222.0
KABO,El Nasr Clothing & Textiles Co.,كابو,Consumer Non-Durables,Apparel/Footwear,5217770459.0
ALEX,Alexandria Cement Co.,Alexandria Cement Co.,Non-Energy Minerals,Construction Materials,5038324280.0
MICH,Misr Chemical Industries Ltd.,مصر لصناعة الكيماويات,Process Industries,Chemicals: Specialty,5037946908.0
CNFN,Contact Financial Holding SAE,Contact Financial Holding SAE,Finance,Finance/Rental/Leasing,4943502753.0
WCDF,Middle & West Delta Flour Mills Co.,مطاحن وسط وغرب الدلتا,Process Industries,Agricultural Commodities/Milling,4907100220.0
GSSC,General Silos & Storage Co.,العامة للصوامع والتخزين,Retail Trade,Food Retail,4760000000.0
DSCW,Dice Sports & Casual Wear Manufacturers SAE,دايس,Consumer Non-Durables,Apparel/Footwear,4555944513.0
SAIB,Societe Arabe Internationale de Banque,بنك الشركة المصرفية العربية الدولية,Finance,Regional Banks,4476179873.983404
SDTI,Sharm Dreams Co. for Tourism Investment,شارم دريمز,Consumer Services,Hotels/Resorts/Cruise lines,4468264123.0
MFSC,Misr Duty Free Shops Co.,مصر للاسواق الحرة,Retail Trade,Specialty Stores,4369687557.0
ACGC,Arab Cotton Ginning Co.,العربية لحليج الأقطان,Process Industries,Agricultural Commodities/Milling,4152736968.9999995
UNIT,United Housing Construction SA,المتحدة للاسكان,Finance,Real Estate Development,4126976124.0
OFH,O B Financial Holding,O B Financial Holding,Finance,Financial Conglomerates,4097189527.0000005
AMER,Amer Group Holding,عامر جروب,Finance,Real Estate Development,4080609856.0
KZPC,Kafr El Zayat Pesticides & Chemical Co.,كفر الزيات للمبيدات والكيماويات,Process Industries,Chemicals: Agricultural,3745394501.0
AJWA,Ajwa for Food Industries Co. Egypt,اجواء,Consumer Non-Durables,Food: Specialty/Candy,3658751541.0
GDWA,Gadwa For Industrial Development,Gadwa For Industrial Development,Producer Manufacturing,Industrial Machinery,3586348805.0
UEFM,Upper Egypt Flour Mills Co.,مطاحن مصر العليا,Process Industries,Agricultural Commodities/Milling,3569790009.0
CRST,Creast Mark For Contracting And Real Estate Development,ليفت سلاب مصر,Industrial Services,Engineering & Construction,3389984632.0
ADCI,Arab Pharmaceuticals,أدكو,Health Technology,Pharmaceuticals: Major,3264000000.0
ASCM,ASEC Co. for Mining,اسيك للتعدين,Non-Energy Minerals,Construction Materials,3218600025.0
ACTF,Act Financial,Act Financial,Finance,Investment Banks/Brokers,3027814025.0
GPIM,GPI For Urban Growth,المصريين للاستثمار,Finance,Real Estate Development,3010908971.0
ELKA,El Kahera Housing,القاهرة للاسكان,Finance,Real Estate Development,2952255438.0
LCSW,Lecico Egypt SAE,ليسيكو,Producer Manufacturing,Building Products,2790833558.0
CFGH,Concrete Fashion Group for Commercial and Industrial Investments S.A.E,العرفة القابضة,Retail Trade,Apparel/Footwear Retail,2764698004.035
AIFI,Atlas for Investment & Food Industries SAE,اطلس لاستصلاح الاراضى,Process Industries,Agricultural Commodities/Milling,2694007738.0
ELSH,El-Shams Housing & Development SA,الشمس للاسكان,Finance,Real Estate Development,2690737422.0
ACAMD,Arab Co. for Asset Management & Development,العربية لإدارة وتطوير الأصول,Finance,Investment Managers,2687881034.0
NCGC,Nile Cotton Ginning,Nile Cotton Ginning,Process Industries,Agricultural Commodities/Milling,2649625015.0
ICFC,International Co. for Fertilizers & Chemicals,الدولية للأسمدة,Process Industries,Chemicals: Agricultural,2566714480.0
INFI,Ismailia National Food Industries,فوديكو,Consumer Non-Durables,Food: Specialty/Candy,2520150772.0
ZEOT,Extracted Oils & Derivatives Co.,الزيوت المستخلصة,Process Industries,Agricultural Commodities/Milling,2510000038.0
MPCO,Mansourah Poultry Co.,المنصورة للدواجن,Process Industries,Agricultural Commodities/Milling,2480000019.0
ATLC,Al Tawfeek Leasing Company-A.T.LEASE,ايه تي ليس,Finance,Real Estate Development,2452000046.0
GTWL,Golden Textiles & Clothes Wool,جولدن تكس,Process Industries,Textiles,2449168330.0
NAHO,Naeem Holding Co.,النعيم القابضة,Finance,Investment Banks/Brokers,2444012062.824964
EDFM,East Delta Flour Mills Co.,مطاحن شرق الدلتا,Consumer Non-Durables,Food: Specialty/Candy,2406000000.0
ETRS,Egyptian Transport And Commercial Services Co. (Egytrans Nosco),إيجيترانس,Transportation,Other Transportation,2361973045.0
MAAL,Marseilla Al Masreia Al Khalegeya for Holding Investment,مرسيليا,Finance,Real Estate Development,2314153851.0
ISMA,Ismailia Misr Poultry,الاسماعيلية مصر للدواجن,Process Industries,Agricultural Commodities/Milling,2282354839.0
DAPH,Development & Engineering Consultants,التعمير والاستشارات الهندسية,Finance,Real Estate Development,2235098360.0
NARE,Naeem Real Estate Holding Group,ريكاب,Finance,Investment Managers,2172943305.0
SMFR,Samad Misr-EGYFERT,ايجيفرت,Distribution Services,Wholesale Distributors,2128512096.0
CEFM,Middle Egypt Flour Mills,مطاحن مصر الوسطى,Process Industries,Agricultural Commodities/Milling,2054732734.0000002
MILS,North Cairo Mills Co.,مطاحن شمال القاهرة,Process Industries,Agricultural Commodities/Milling,1964626972.0
SNFC,Sharkia National Food,الشرقية الوطنية للامن الغذائي,Process Industries,Agricultural Commodities/Milling,1893358314.0
ICID,International Company for Investment & Development,العالمية للاستثمار والتنمية,Finance,Financial Conglomerates,1879999924.0
RACC,Raya Contact Center,راية لخدمات مراكز الاتصالات,Commercial Services,Miscellaneous Commercial Services,1856601791.0
IDRE,Ismailia Development & Real Estate Co.,الاسماعيلية الجديدة للتطوير,Consumer Durables,Homebuilding,1828650479.0
NCCW,Nasr Co. for Civil Works,النصر للأعمال المدنية,Industrial Services,Engineering & Construction,1814399952.0
ADPC,Arab Dairy Products Co. Arab Dairy - Panda,آراب ديري-باندا,Consumer Non-Durables,Food: Meat/Fish/Dairy,1775650748.0
EALR,El Arabia for Land Reclamation,العربية لاستصلاح الاراضي,Finance,Real Estate Development,1740647885.0
KRDI,Al Khair River for Development Agriculture Investment and Environmental Services,Al Khair River for Development Agriculture Investment and Environmental Services,Finance,Financial Conglomerates,1696500009.0
MOSC,Misr Oils & Soap Co.,مصر للزيوت والصابون,Process Industries,Agricultural Commodities/Milling,1695780029.0
AALR,General Co. for Land Reclamation Development & Reconstruction,العامة لاستصلاح الأراضي,Finance,Real Estate Development,1667927103.0
ECAP,El Ezz Ceramics & Porcelain Co. (Gemma),الجوهرة,Producer Manufacturing,Building Products,1648817101.0
DTPP,Delta for Printing & Packaging,دلتا للطباعة والتغليف,Process Industries,Containers/Packaging,1636263986.0
WKOL,Wadi Kom Ombo Land Reclamation,وادي كوم امبو,Industrial Services,Engineering & Construction,1635984054.0
CERA,Arab Ceramic Co. - Ceramica Remas,ريماس,Producer Manufacturing,Building Products,1520156214.0
ODIN,ODIN Investments,المصريين في الخارج للاستثمار والتنمية,Finance,Investment Managers,1517999983.0
MENA,Mena Touristic & Real Estate Investment,مينا للاستثمار السياحي,Finance,Real Estate Development,1514429560.0
NDRL,National Drilling Co.,الحفر الوطنية,Industrial Services,Contract Drilling,1501870593.952646
GGCC,Giza General Contracting & Real Estate Investment,الجيزة العامة للمقاولات,Industrial Services,Engineering & Construction,1495372384.0
SCFM,South Cairo & Giza Mills & Bakeries,مطاحن جنوب القاهرة والجيزة,Process Industries,Agricultural Commodities/Milling,1487399963.0
CAED,Cairo Educational Services,القاهرة للخدمات التعليمية,Consumer Services,Other Consumer Services,1465920044.0
ASPI,Aspire Capital Holding for Financial Investments,بايونيرز القابضة,Finance,Investment Banks/Brokers,1439099953.0
DEIN,Delta Insurance,الدلتا للتأمين,Finance,Property/Casualty Insurance,1423125052.0
MBEG,MB for Engineering & Contracting,إم بي,Distribution Services,Wholesale Distributors,1365147996.0
PRCL,General Co. for Ceramic & Porcelain Products,شينى,Retail Trade,Specialty Stores,1336710983.0
SIPC,Sabaa International Company for Pharmaceutial and Chemical Industry,سبأ,Health Technology,Pharmaceuticals: Major,1282500029.0
SMPP,Modern Shorouk Printing & Packaging,Modern Shorouk Printing & Packaging,Consumer Services,Publishing: Books/Magazines,1206602065.0
IEEC,Industrial & Engineering Enterprises Co.,Industrial & Engineering Enterprises Co.,Industrial Services,Engineering & Construction,1195560000.0
AIH,Arabia Investments Holding SAE,العربية للاستثمارات,Finance,Financial Conglomerates,1157689641.0
NHPS,National Housing for Professional Syndicates,الوطنية للاسكان,Finance,Real Estate Development,1152160034.0
UEGC,El-Saeed Contracting & Real Estate Investment Co. SCCD,الصعيد العامة للمقاولات,Industrial Services,Engineering & Construction,1138902505.0
MEPA,Medical Packaging Company,العبوات الطبية,Process Industries,Containers/Packaging,1126600019.0
OBRI,El Obour Real Estate Investment,العبور للاستثمار العقارى,Finance,Real Estate Development,1029599991.0
ALUM,Arab Aluminum Co. SAE,الالومنيوم العربية,Non-Energy Minerals,Aluminum,1006345730.0
COSG,Cairo Oils & Soap,القاهرة للزيوت والصابون,Consumer Non-Durables,Household/Personal Care,1004640009.0
TANM,Tanmiya for Real Estate Investment,Tanmiya for Real Estate Investment,Finance,Real Estate Development,1002494981.0
RREI,Arab Real Estate Investment Co.,اليكو,Consumer Durables,Homebuilding,965887995.0
PACH,Paints & Chemical Industries Co.,Paints & Chemical Industries Co.,Process Industries,Industrial Specialties,955199982.0
MEGM,Middle East Glass Manufacturing SAE,الشرق الأوسط لصناعة الزجاج,Process Industries,Containers/Packaging,941924978.0
RUBX,Rubex International for Plastic & Acrylic Manufacturing,روبكس,Consumer Durables,Home Furnishings,941255202.0
AFDI,Alahly For Development & Investment,الاهلي للتنمية والاستثمار,Finance,Investment Banks/Brokers,936000000.0
EBSC,Osool ESB Securities Brokerage,اصول إى إس بى للوساطة في الاوراق المالية,Finance,Investment Banks/Brokers,914661255.0
EGS3I0S1C019,Future Care For Medical Industries,ايكمي,Distribution Services,Medical Distributors,887974572.0
RTVC,Remco for Touristic Villages Construction,رمكو,Industrial Services,Engineering & Construction,868728272.0
AMII,Arabian Metal Industries and Industrial Investments,العربية للمحابس,Producer Manufacturing,Building Products,850600576.0
KWIN,El Kahera El Watania Investment,القاهرة الوطنية للاستثمار والاوراق المالية,Finance,Investment Banks/Brokers,837689987.0
UNIP,Universal Co. for Paper & Packaging Materials-Unipack,يونيباك,Process Industries,Pulp & Paper,802004820.0
ICLE,International Co. for Leasing SAE,انكوليس,Finance,Finance/Rental/Leasing,788000011.0
PRMH,Prime Holding,برايم القابضة,Finance,Investment Banks/Brokers,784000003.0
APSW,Arab Polvara Spinning & Weaving Co.,يونيراب,Process Industries,Textiles,771040359.0
COPR,Cooper for Commercial Investment & Real Estate Development,العقارية للبنوك الوطنية للتنمية,Finance,Real Estate Development,767824799.0
EASB,Egyptian Arabian Company for Securities Brokerage EAC,ثمار,Finance,Investment Banks/Brokers,719000006.0
ROTO,Rowad Tourism (Al Rowad) Co,الرواد,Finance,Real Estate Development,693683821.0
MOED,Egyptian Modern Education Systems,المصرية لنظم التعليم الحديثة,Commercial Services,Miscellaneous Commercial Services,682395020.0
TYCN,Tycoon Holding Company For Financial Investments,الاسكندرية الوطنية للاستثمارات المالية,Finance,Investment Banks/Brokers,667232524.0
SPMD,Speed Medical SAE,Speed Medical SAE,Health Services,Medical/Nursing Services,640530951.0
RAKT,Rakta Paper Manufacturing,راكتا,Process Industries,Pulp & Paper,639599991.0
EEII,El Arabia Engineering Industries,العربية للصناعات الهندسية,Electronic Technology,Electronic Components,568159969.0
SEIG,Saudi Egyptian Investment & Finance Co. SAE,السعودية المصرية للاستثمار والتمويل,Finance,Investment Managers,566899986.0
SEIGA,Saudi Egyptian Investment & Finance Co. SAE,السعودية المصرية للاستثمار والتمويل,Finance,Investment Managers,566899982.2244462
AREH,Egyptian Real Estate Group,المجموعة المصرية العقارية,Industrial Services,Engineering & Construction,519999981.00000006
CCRS,Gulf Canadian Real Estate Investment Co.,الخليجية الكندية للاستثمار العقاري العربي,Finance,Real Estate Development,510300014.0
LKGP,The Holding Company for Financial Investment - The Lakah Group,The Holding Company for Financial Investment - The Lakah Group,Health Services,Services to the Health Industry,436465112.0
EPCO,Egypt for Poultry Co.,إجيبكو,Process Industries,Agricultural Commodities/Milling,425699997.0
DCRC,Delta Construction & Rebuilding Co.,Delta Construction & Rebuilding Co.,Finance,Real Estate Development,425382175.0
EGREF,Egyptians Real Estate Fund,وثائق شركة صندوق استثمار المصريين للاستثمار العقاري,Miscellaneous,Investment Trusts/Mutual Funds,405623852.0
GRCA,Grand Investment Capital,جراند انفستمنت القابضة للاستثمارات المالية,Finance,Investment Banks/Brokers,384799986.0
GIHD,Gharbia Islamic Housing Development,الغربية الاسلامية للتنمية العمرانية,Consumer Durables,Homebuilding,357243741.0
UTOP,Utopia Real Estate Investment & Tourism SAE,يوتوبيا,Finance,Real Estate Development,290730011.0
TRTO,TransOceans Tours,عبر المحيطات للسياحة,Commercial Services,Miscellaneous Commercial Services,288615711.59999996
MMAT,Marsa Marsa Alam for Tourism Development,مرسى مرسى علم,Consumer Services,Hotels/Resorts/Cruise lines,284500003.0
IBCT,International Business Corp. for Trading & Agencies,انترناشيونال بزنيس كوربوريشن,Distribution Services,Wholesale Distributors,283804398.0
ELNA,El Nasr for Manufacturing Agricultural Crops,النصر لتصنيع الحاصلات الزراعية,Process Industries,Agricultural Commodities/Milling,277020400.0
ELWA,Elwadi for International Investment & Development,الوادى,Consumer Services,Hotels/Resorts/Cruise lines,265720007.0
FNAR,Al Fanar Contracting Construction Trade Import & Export Co.,الفنار للمقاولات,Industrial Services,Engineering & Construction,235199997.0
NEDA,Northern Upper Egypt Development & Agricultural Production,نيوداب,Process Industries,Chemicals: Agricultural,165726008.0
VERT,Vertika for Industry & Trade,فرتيكا,Technology Services,Packaged Software,146460124.0
RKAZ,REKAZ Financial Holding,بورسعيد للتنمية الزراعية و المقاولات,Process Industries,Chemicals: Agricultural,100000000.0
EGS30AJ1C016-EGP,International Dry Ice Co.,International Dry Ice Co.,Process Industries,Chemicals: Specialty,94570002.0
EPPK,El Ahram Co. for Printing & Packing,الاهرام للطباعة والتغليف,Process Industries,Containers/Packaging,81369595.0
BIGP,ElBarbary Investment Group,بى اى جى للتجارة والاستثمار,Distribution Services,Wholesale Distributors,79390837.0
AMPI,AL Moasher Pay for Electronic Payment and Collection (S.A.E),المؤشر,Technology Services,Packaged Software,78400946.0
GMCI,GMC Group for Industrial Commercial & Financial Investments,جى إم سى,Distribution Services,Wholesale Distributors,65337639.99999999
FIRE,First Investment & Real Estate Development,الأولى للاستثمار,Finance,Real Estate Development,55137503.0
MISR,MISR Intercontinental for Granite & Marble,ايجى ستون,Non-Energy Minerals,Construction Materials,49997000.0
BIDI,El Badr Investment and Development - BID,البدر للبلاستيك,Process Industries,Containers/Packaging,48653999.0
EOSB,El Orouba Securities Brokerage,العروبة للسمسرة فى الأوراق المالية,Finance,Investment Banks/Brokers,38464998.0
APPC,Advanced Pharmaceutical Packaging Co.,Advanced Pharmaceutical Packaging Co.,Process Industries,Containers/Packaging,19043202.0
EGS659O1C015,Misr Kuwait Investment & Trading Co.,المصرية الكويتية للاستثمار والتجارة,Distribution Services,Food Distributors,17000000.0
HALN,MNT Tech Holding For Financial Investments,MNT Tech Holding For Financial Investments,,,
EGS370O1C013,National Printing,National Printing,Commercial Services,Commercial Printing/Forms,
GEOS,Geos for trading and contracting,Geos for trading and contracting,,,
TWSA,Tawasoa Factoring,Tawasoa Factoring,Finance,Finance/Rental/Leasing,
UPMS,Union Pharmacist Company For Medical Services And Investment,الاتحاد الصيدلى,Health Services,Medical/Nursing Services,
ANCC,ALNAHDA Industrial Co.,ALNAHDA Industrial Co.,,,
GTEX,G-TEX for Commercial and Industrial Investments S.A.E,G-TEX for Commercial and Industrial Investments S.A.E,Finance,Financial Conglomerates,
TORA,Tourah Cement Co,Tourah Cement Co,Non-Energy Minerals,Construction Materials,
EGS72L31C011,SOLARSOL For Energy,SOLARSOL For Energy,,,
ADRI,Arab Development & Real Estate Investment,أراب للتنمية و الاستثمار العقاري,Finance,Real Estate Development,
EEP,Egypt Education Platform - EEP,Egypt Education Platform - EEP,,,
DGTZ,Digitize for Investment And Technology,Digitize for Investment And Technology,Technology Services,Information Technology Services,
EGS65621C012,El Nasr Housing & Egp5,El Nasr Housing & Egp5,,,
MMHC,El Mamoura Company For Construction & Tourism Development,El Mamoura Company For Construction & Tourism Development,,,
PHGC,Premium Healthcare Group,Premium Healthcare Group,Health Services,Medical/Nursing Services,
SIEG,Egyptian Company for Pipes and Cement Products -Siegwart,Egyptian Company for Pipes and Cement Products -Siegwart,,,
GGRN,Gogreen for Agricultural Investment and Development Company,Gogreen for Agricultural Investment and Development Company,Commercial Services,Miscellaneous Commercial Services,
EGWA,General Warehouses of Egypt,General Warehouses of Egypt,Transportation,Other Transportation,
HDST,HEDGESTONE INVESTMENT,HEDGESTONE INVESTMENT,,,
HBCO,Heibco for Commercial Investments & Real Estate Development,Heibco for Commercial Investments & Real Estate Development,Industrial Services,Engineering & Construction,
KNGC,EL- Nasr Glass And Crystal,EL- Nasr Glass And Crystal,,,
ALXD,Alexandria For Investment and Urban Development,Alexandria For Investment and Urban Development,,,
EITP,Egyptian International Tourism Projects,Egyptian International Tourism Projects,Consumer Services,Other Consumer Services,
TOUR,Tourism Urbanization,Tourism Urbanization,Consumer Services,Other Consumer Services,
DCCC,Damietta Container and Cargo Handling,Damietta Container and Cargo Handling,Transportation,Marine Shipping,
EGOTH,El Masreyah Touris Egp100,El Masreyah Touris Egp100,,,
NMIN,El Nasr Mining Co Egp10,El Nasr Mining Co Egp10,,,
YAYT,Spring & Transportation Needs Manufacturing Co.,Spring & Transportation Needs Manufacturing Co.,,,
MLIC,Misr Life Insurance,Misr Life Insurance,,,
ENPI,Engineering for the Petroleum and Process Industries,Engineering for the Petroleum and Process Industries,,,
NBCC,ALNASR For Building And Construction Company,ALNASR For Building And Construction Company,,,
EGS48271C018-EGP,Egypt - South Africa for Communication,Egypt - South Africa for Communication,,,
AIDC,Arabia for Investment and Development,Arabia for Investment and Development,Finance,Regional Banks,
SINA,Sinai Manganese Company,Sinai Manganese Company,,,
EFAC,Egyptian Ferro All Egp10,Egyptian Ferro All Egp10,,,
MITR,Misr Travel&Touris Egp6,Misr Travel&Touris Egp6,,,
KORA,KORRA,KORRA,Utilities,Electric Utilities,
WATP,Modern Co. for Water Proofing,Modern Co. for Water Proofing,Process Industries,Chemicals: Major Diversified,
LUTS,Lotus For Agricultural Investments And Development,Lotus For Agricultural Investments And Development,Finance,Financial Conglomerates,
FTNS,Fitness Prime,Fitness Prime,Technology Services,Internet Software/Services,
INEG,Integrated Engineering Group S.A.E,المجموعة المتكاملة للاعمال الهندسية,Producer Manufacturing,Metal Fabrication,
NFCI,ELNASR Co For Fertilizers And Chemical Industries,ELNASR Co For Fertilizers And Chemical Industries,,,
CID,Chemical Development Industries (CID),Chemical Development Industries (CID),,,
PMSC,Petroleum Marine Services Company,Petroleum Marine Services Company,,,
EGS65861C014,Egyptian Contracting Co.-AL- ABD,Egyptian Contracting Co.-AL- ABD,,,
SNFI,Souhag National Food Industries,Souhag National Food Industries,Consumer Non-Durables,Food: Specialty/Candy,
ACFR,Alexandria Company For Refractories,Alexandria Company For Refractories,,,
ELAB,Egyptian Linear Alkyl Benzene Company,Egyptian Linear Alkyl Benzene Company,,,
OCAP,OG Capital For Investments SPAC,OG Capital For Investments SPAC,,,
RMTV,Rowad Misr Tourism Investment,Rowad Misr Tourism Investment,Consumer Services,Hotels/Resorts/Cruise lines,
POCO,Port Said Container And Cargo Handling,Port Said Container And Cargo Handling,Transportation,Other Transportation,
NAMI,National Asset Management And Investment,National Asset Management And Investment,,,
GROV,Grova Special Purpose Acquisition Company,Grova Special Purpose Acquisition Company,,,
EGS65101C015,National Investment & Reconstruction,National Investment & Reconstruction,Industrial Services,Engineering & Construction,
